Passenger ID,Passenger Fare,Ticket Class,Ticket Number,Cabin,Embarkation Country,Name,Age,Gender,NumSiblingSpouse,NumParentChild,Survived
1,$13.05,3,A./5. 2152,0,S,"Cann, Mr. Ernest Charles",21.0,male,0,0,No
4,$25.575,3,C.A. 2315,0,S,"Dean, Mr. Bertram Frank",26.0,male,1,2,No
5,$24.2583,3,2666,0,C,"Baclini, Miss. Eugenie",0.75,female,2,1,Yes
6,$20.5,3,36568,0,Q,"McEvoy, Mr. Michael",0.0,male,0,0,No
7,$13.05,3,A4. 54510,0,S,"Moore, Mr. Leonard Charles",0.0,male,0,0,No
10,$12.8958,3,349253,0,C,"Kraeff, Mr. Theodor",0.0,male,0,0,No
11,$19.4542,3,2659,0,C,"Yasbeck, Mrs. Antoni (Selini Alexander)",15.0,female,1,0,Yes
12,$36.275,3,347082,0,S,"Andersson, Miss. Sigrid Elisabeth",11.0,female,4,2,No
13,$12.925,3,STON/O 2. 3101288,0,S,"Stranden, Mr. Juho",31.0,male,0,0,Yes
14,$12.4958,3,3101265,0,S,"Sjoblom, Miss. Anna Sofia",18.0,female,0,0,Yes
15,$12.8958,3,349254,0,C,"Gheorgheff, Mr. Stanio",0.0,male,0,0,No
16,$57,1,113789,0,S,"Holverson, Mrs. Alexander Oskar (Mary Aline Towner)",35.0,female,1,0,Yes
17,$24.2583,3,2666,0,C,"Baclini, Miss. Helene Barbara",0.75,female,2,1,Yes
18,$12.775,3,347071,0,S,"Lindahl, Miss. Agda Thorilda Viktoria",25.0,female,0,0,No
19,$30.4667,3,4133,0,S,"Lefebre, Miss. Mathilde",0.0,female,3,1,No
20,$12.8792,3,330980,0,Q,"Mockler, Miss. Helen Mary ""Ellie""",0.0,female,0,0,Yes
21,$13.05,3,342826,0,S,"Sawyer, Mr. Frederick Charles",24.5,male,0,0,No
22,$13.05,3,373450,0,S,"Allen, Mr. William Henry",35.0,male,0,0,No
23,$12.925,3,3101296,0,S,"Salonen, Mr. Johan Werner",39.0,male,0,0,No
25,$12.8958,3,349252,0,S,"Vovk, Mr. Janko",22.0,male,0,0,No
26,$18.5,2,248731,0,S,"Chapman, Mr. Charles Henry",52.0,male,0,0,No
27,$23.7875,3,2699,0,C,"Hassan, Mr. Houssein G N",11.0,male,0,0,No
29,$5,3,LINE,0,S,"Johnson, Mr. William Cahoone Jr",19.0,male,0,0,No
30,$12.225,3,2623,0,C,"Badt, Mr. Mohamed",40.0,male,0,0,No
31,$19,2,29011,0,S,"Moraweck, Dr. Ernest",54.0,male,0,0,No
32,$28.45,3,W./C. 6607,0,S,"Johnston, Miss. Catherine Helen ""Carrie""",0.0,female,1,2,No
33,$12.05,3,SOTON/O.Q. 3101312,0,S,"Ali, Mr. William",25.0,male,0,0,No
34,$12.75,3,370372,0,Q,"McMahon, Mr. Martin",0.0,male,0,0,No
35,$30.4667,3,4133,0,S,"Lefebre, Miss. Jeannie",0.0,female,3,1,No
36,$12.75,3,368703,0,Q,"Mernagh, Mr. Robert",0.0,male,0,0,No
37,$44,2,29750,0,S,"Brown, Mr. Thomas William Solomon",60.0,male,1,1,No
38,$13.6833,3,349244,0,S,"Osman, Mrs. Mara",31.0,female,0,0,Yes
39,$12.75,3,367229,0,Q,"Kiernan, Mr. Philip",0.0,male,1,0,No
40,$35,2,237789,0,S,"Christy, Miss. Julie Rachel",25.0,female,1,1,Yes
41,$25.25,3,C.A. 2673,0,S,"Abbott, Mr. Rossmore Edward",16.0,male,1,1,No
43,$32.7208,2,SC/PARIS 2167,0,C,"del Carlo, Mr. Sebastiano",29.0,male,1,0,No
44,$12.75,3,367231,0,Q,"Carr, Miss. Helen ""Ellen""",16.0,female,0,0,Yes
46,$12.7333,3,A/5. 13032,0,Q,"Charters, Mr. David",21.0,male,0,0,No
47,$13.05,3,A/5 2817,0,S,"Peduzzi, Mr. Joseph",0.0,male,0,0,No
48,$25.2125,3,370129,0,S,"Rosblom, Mr. Viktor Richard",18.0,male,1,1,No
49,$31,2,2908,0,S,"Beane, Mr. Edward",32.0,male,1,0,Yes
52,$5,1,112052,0,S,"Parr, Mr. William Henry Marsh",0.0,male,0,0,No
53,$30.4667,3,4133,0,S,"Lefebre, Miss. Ida",0.0,female,3,1,No
54,$18.8583,2,SC/PARIS 2149,0,C,"Duran y More, Miss. Asuncion",27.0,female,1,0,Yes
55,$13.05,3,364506,0,S,"Morley, Mr. William",34.0,male,0,0,No
57,$12.05,3,SOTON/O.Q. 3101307,0,S,"Coelho, Mr. Domingos Fernandeo",20.0,male,0,0,No
58,$13.6625,3,315084,0,S,"Cacic, Miss. Marija",30.0,female,0,0,No
59,$12.775,3,347076,0,S,"Petterson, Mr. Johan Emil",25.0,male,1,0,No
60,$12.8958,3,349203,0,S,"Dantcheff, Mr. Ristiu",25.0,male,0,0,No
62,$12.75,3,335677,0,Q,"Glynn, Miss. Mary Agatha",0.0,female,0,0,Yes
64,$31.55,1,111428,0,S,"Romaine, Mr. Charles Hallace (""Mr C Rolmane"")",45.0,male,0,0,Yes
65,$14.5,3,345778,0,S,"de Pelsmaeker, Mr. Alfons",16.0,male,0,0,No
68,$12.925,3,STON/O 2. 3101294,0,S,"Pekoniemi, Mr. Edvard",21.0,male,0,0,No
69,$12.7958,3,350035,0,S,"Svensson, Mr. Olof",24.0,male,0,0,No
73,$23,3,345764,0,S,"Vander Planke, Miss. Augusta Maria",18.0,female,2,0,No
74,$12.2292,3,2687,0,C,"Ayoub, Miss. Banoura",13.0,female,0,0,Yes
75,$15.5,2,28206,0,S,"Slemen, Mr. Richard James",35.0,male,0,0,No
77,$12.25,3,323592,0,S,"Keefe, Mr. Arthur",0.0,male,0,0,No
80,$232.525,1,PC 17757,0,C,"Robbins, Mr. Victor",0.0,male,0,0,No
82,$87.1708,1,PC 17604,0,C,"Meyer, Mr. Edgar Joseph",28.0,male,1,0,No
83,$24.2583,3,2666,0,C,"Baclini, Miss. Marie Catherine",5.0,female,2,1,Yes
84,$19.5,2,250649,0,S,"Hamalainen, Master. Viljo",0.67,male,1,1,Yes
85,$21.1,3,386525,0,S,"Davison, Mrs. Thomas Henry (Mary E Finck)",0.0,female,1,0,Yes
86,$18,2,244361,0,S,"Sedgwick, Mr. Charles Frederick Waddington",25.0,male,0,0,No
87,$12.75,3,335097,0,Q,"Connaghton, Mr. Michael",31.0,male,0,0,No
88,$14.35,3,PP 4348,0,S,"Berglund, Mr. Karl Ivar Sven",22.0,male,0,0,No
89,$39.375,3,W./C. 6608,0,S,"Ford, Miss. Doolina Margaret ""Daisy""",21.0,female,2,2,No
91,$35.6958,1,PC 17600,0,C,"Hoyt, Mr. William Fisher",0.0,male,0,0,No
93,$12.2292,3,2629,0,C,"Razi, Mr. Raihed",0.0,male,0,0,No
94,$12.8958,3,349243,0,S,"Hendekovic, Mr. Ignjac",28.0,male,0,0,No
95,$13.6625,3,315094,0,S,"Oreskovic, Mr. Luka",20.0,male,0,0,No
99,$12.05,3,SOTON/O.Q. 3101310,0,S,"Asim, Mr. Adola",35.0,male,0,0,No
102,$19.4542,3,2665,0,C,"Zabour, Miss. Thamine",0.0,female,1,0,No
103,$25.25,3,C.A. 2673,0,S,"Abbott, Mrs. Stanton (Rosa Hunt)",35.0,female,1,1,Yes
104,$13.6625,3,349239,0,C,"Stankovic, Mr. Ivan",33.0,male,0,0,No
105,$14.825,3,4136,0,S,"Jussila, Miss. Katriina",20.0,female,1,0,No
106,$32.7208,1,PC 17612,0,C,"Lewy, Mr. Ervin G",0.0,male,0,0,No
107,$12.8958,3,349201,0,S,"Ivanoff, Mr. Kanio",0.0,male,0,0,No
108,$14.5875,3,4135,0,S,"Laitinen, Miss. Kristina Sofia",37.0,female,0,0,No
109,$31,1,693,0,S,"Nicholson, Mr. Arthur Ernest",64.0,male,0,0,No
110,$31,2,239865,0,S,"Gaskell, Mr. Alfred",16.0,male,0,0,No
111,$26,2,31027,0,S,"Renouf, Mr. Peter Henry",34.0,male,1,0,No
114,$32.75,2,C.A. 34651,0,S,"West, Miss. Constance Mirium",5.0,female,1,2,Yes
115,$14.475,3,7546,0,S,"Ahlin, Mrs. Johan (Johanna Persdotter Larsson)",40.0,female,1,0,No
117,$31.25,2,F.C.C. 13529,0,S,"Hart, Miss. Eva Miriam",7.0,female,0,2,Yes
118,$12.775,3,312993,0,S,"Rommetvedt, Mr. Knud Paust",0.0,male,0,0,No
119,$14.8375,3,7553,0,S,"Strandberg, Miss. Ida Sofia",22.0,female,0,0,No
120,$13.05,3,364499,0,S,"Tomlin, Mr. Ernest Portage",30.5,male,0,0,No
121,$31,2,236853,0,S,"Bryhl, Mr. Kurt Arnold Gottfrid",25.0,male,1,0,No
124,$13.05,3,SOTON/OQ 3101316,0,S,"Webber, Mr. James",0.0,male,0,0,No
125,$13.05,3,S.C./A.4. 23567,0,S,"Rogers, Mr. William John",0.0,male,0,0,No
129,$31,2,2926,0,S,"Faunthorpe, Mrs. Lizzie (Elizabeth Anne Wilkinson)",29.0,female,1,0,Yes
131,$115.8833,1,17421,0,C,"Fleming, Miss. Margaret",0.0,female,0,0,Yes
132,$11.45,3,C 7075,0,S,"Holm, Mr. John Fredrik Alexander",43.0,male,0,0,No
133,$32,2,243847,0,S,"Jacobsohn, Mr. Sidney Samuel",42.0,male,1,0,No
134,$517.3292,1,PC 17755,0,C,"Ward, Miss. Anna",35.0,female,0,0,Yes
135,$12.8958,3,349247,0,S,"Turcin, Mr. Stjepan",36.0,male,0,0,No
136,$13.05,3,A.5. 18509,0,S,"Somerton, Mr. Francis William",30.0,male,0,0,No
138,$13.6625,3,315098,0,S,"Lulic, Mr. Nikola",27.0,male,0,0,Yes
139,$19.5,2,250649,0,S,"Hamalainen, Mrs. William (Anna)",24.0,female,0,2,Yes
140,$37.5,2,28220,0,S,"Drew, Mrs. James Vivian (Lulu Thorne Christian)",34.0,female,1,1,Yes
141,$20.85,3,3101278,0,S,"Backstrom, Mrs. Karl Alfred (Maria Mathilda Gustafsson)",33.0,female,3,0,Yes
142,$12.8958,3,349227,0,S,"Plotcharsky, Mr. Vasil",0.0,male,0,0,No
143,$13.05,3,A/4. 20589,0,S,"Rush, Mr. Alfred George John",16.0,male,0,0,No
144,$23.75,2,29106,0,S,"Richards, Mrs. Sidney (Emily Hocking)",24.0,female,2,3,Yes
145,$24.9667,3,65304,0,S,"Hagland, Mr. Konrad Mathias Reiersen",0.0,male,1,0,No
146,$36.275,3,347082,0,S,"Andersson, Miss. Ingeborg Constanzia",9.0,female,4,2,No
148,$12.225,3,2694,0,C,"Attalah, Mr. Sleiman",30.0,male,0,0,No
150,$13.05,3,A/5 3536,0,S,"Cook, Mr. Jacob",43.0,male,0,0,No
151,$20.2458,3,2661,0,C,"Moubarek, Master. Gerios",0.0,male,1,1,Yes
152,$44.6875,3,3101295,0,S,"Panula, Mrs. Juha (Maria Emilia Ojala)",41.0,female,0,5,No
153,$12.25,3,A/5 21174,0,S,"Perkin, Mr. John Henry",22.0,male,0,0,No
154,$32.9,3,347088,0,S,"Skoog, Master. Harald",4.0,male,3,2,No
155,$13.05,3,374910,0,S,"Shorney, Mr. Charles Joseph",0.0,male,0,0,No
156,$36.275,3,347082,0,S,"Andersson, Mrs. Anders Johan (Alfrida Konstantia Brogren)",39.0,female,1,5,No
157,$14.5,3,345779,0,S,"Sheerlinck, Mr. Jan Baptist",29.0,male,0,0,Yes
158,$12.8958,3,349213,0,C,"Markoff, Mr. Marin",35.0,male,0,0,No
159,$12.775,3,312992,0,S,"Birkeland, Mr. Hans Martin Monsen",21.0,male,0,0,No
161,$28.45,3,W./C. 6607,0,S,"Johnston, Mr. Andrew G",0.0,male,1,2,No
162,$19.4,3,347080,0,S,"Danbom, Mr. Ernst Gilbert",34.0,male,1,1,No
164,$12.75,3,14311,0,Q,"O'Driscoll, Miss. Bridget",0.0,female,0,0,Yes
165,$12.775,3,347069,0,S,"Gustafsson, Mr. Karl Gideon",19.0,male,0,0,No
166,$36.3875,3,347077,0,S,"Asplund, Master. Edvin Rojj Felix",3.0,male,4,2,Yes
167,$18,2,233866,0,S,"Gill, Mr. John William",24.0,male,0,0,No
168,$12.8542,3,347470,0,S,"Nilsson, Miss. Helmina Josefina",26.0,female,0,0,Yes
171,$13.05,3,A/S 2816,0,S,"Maisner, Mr. Simon",0.0,male,0,0,No
172,$13.6542,3,7540,0,S,"Johansson, Mr. Gustaf Joel",33.0,male,0,0,No
173,$26,2,11668,0,S,"Turpin, Mr. William John Robert",29.0,male,1,0,No
174,$25.2125,3,370129,0,S,"Rosblom, Mrs. Viktor (Helena Wilhelmina)",41.0,female,0,2,No
175,$20.5,3,364849,0,Q,"Bourke, Mrs. John (Catherine)",32.0,female,1,1,No
176,$20.55,3,349910,0,S,"Lindell, Mr. Edvard Bengtsson",36.0,male,1,0,No
177,$12.4958,3,349209,0,S,"Coleff, Mr. Satio",24.0,male,0,0,No
178,$14.5875,3,4134,0,S,"Turkula, Mrs. (Hedwig)",63.0,female,0,0,Yes
180,$61.4958,3,1601,0,S,"Lam, Mr. Len",0.0,male,0,0,No
181,$12.8,3,A/4. 39886,0,S,"Nosworthy, Mr. Richard Cater",21.0,male,0,0,No
182,$23.7875,3,2699,0,C,"Albimona, Mr. Nassef Cassem",26.0,male,0,0,Yes
185,$13.05,3,374746,0,S,"Moutal, Mr. Rahamin Haim",0.0,male,0,0,No
186,$31.25,2,F.C.C. 13529,0,S,"Hart, Mrs. Benjamin (Esther Ada Bloomfield)",45.0,female,1,1,Yes
187,$15.5,2,244278,0,S,"Pain, Dr. Alfred",23.0,male,0,0,No
188,$18,2,220367,0,S,"Bracken, Mr. James H",27.0,male,0,0,No
189,$12.8958,3,349208,0,S,"Staneff, Mr. Ivan",0.0,male,0,0,No
190,$12.7375,3,36865,0,Q,"Kilgannon, Mr. Thomas J",0.0,male,0,0,No
192,$14,3,345765,0,S,"Vander Cruyssen, Mr. Victor",47.0,male,0,0,No
193,$61.4958,3,1601,0,S,"Chip, Mr. Chang",32.0,male,0,0,Yes
194,$14.5,3,345774,0,S,"de Mulder, Mr. Theodore",30.0,male,0,0,Yes
195,$12.2292,3,2669,0,C,"Sirayanian, Mr. Orsen",22.0,male,0,0,No
196,$138.65,1,PC 17611,0,S,"Frauenthal, Mrs. Henry William (Clara Heinsheimer)",0.0,female,1,0,Yes
197,$31,2,250655,0,S,"Morley, Mr. Henry Samuel (""Mr Henry Marshall"")",39.0,male,0,0,No
198,$5,1,19972,0,S,"Reuchlin, Jonkheer. John George",38.0,male,0,0,No
199,$12.8958,3,349214,0,S,"Slabenoff, Mr. Petco",0.0,male,0,0,No
200,$14.2167,3,7534,0,S,"Osen, Mr. Olaf Elon",16.0,male,0,0,No
201,$74.55,3,CA. 2343,0,S,"Sage, Mr. Frederick",0.0,male,8,2,No
202,$34,2,248738,0,S,"Caldwell, Mrs. Albert Francis (Sylvia Mae Harbaugh)",22.0,female,1,1,Yes
203,$15.5,2,F.C.C. 13531,0,S,"Toomey, Miss. Ellen",50.0,female,0,0,Yes
205,$12.2292,3,2690,0,C,"Elias, Mr. Joseph Jr",17.0,male,1,1,No
206,$17.475,3,364516,0,S,"Dowdell, Miss. Elizabeth",30.0,female,0,0,Yes
207,$12.775,3,349912,0,S,"Edvardsson, Mr. Gustaf Hjalmar",18.0,male,0,0,No
208,$51.9,3,CA 2144,0,S,"Goodwin, Mr. Charles Edward",14.0,male,5,2,No
210,$12.225,3,2674,0,C,"Elias, Mr. Dibo",0.0,male,0,0,No
212,$11.95,3,368323,0,Q,"Flynn, Mr. John",0.0,male,0,0,No
213,$13.05,3,341826,0,S,"Adams, Mr. John",26.0,male,0,0,No
214,$12.2292,3,2677,0,C,"Mamee, Mr. Hanna",0.0,male,0,0,Yes
216,$26.6792,3,2662,0,C,"Samaan, Mr. Youssef",0.0,male,2,0,No
217,$13.6625,3,315088,0,S,"Dimic, Mr. Jovan",42.0,male,0,0,No
218,$12.75,3,370376,0,Q,"Dooley, Mr. Patrick",32.0,male,0,0,No
219,$12.8958,3,349246,0,S,"Karaic, Mr. Milan",30.0,male,0,0,No
220,$66.3792,1,PC 17597,0,C,"Williams, Mr. Charles Duane",51.0,male,0,1,No
222,$12.05,3,SOTON/O.Q. 3101305,0,S,"Jardin, Mr. Jose Neto",0.0,male,0,0,No
223,$12.6292,3,330909,0,Q,"O'Sullivan, Miss. Bridget Mary",0.0,female,0,0,No
224,$28,2,29103,0,S,"Wells, Miss. Joan",4.0,female,1,1,Yes
225,$12.925,3,STON/O 2. 3101292,0,S,"Leinonen, Mr. Antti Gustaf",32.0,male,0,0,No
227,$12.925,3,STON/O 2. 3101269,0,S,"Sundman, Mr. Johan Julian",44.0,male,0,0,Yes
228,$13.05,3,A/5 3540,0,S,"Cohen, Mr. Gurshon ""Gus""",18.0,male,0,0,Yes
232,$70,2,220845,0,S,"Herman, Miss. Alice",24.0,female,1,2,Yes
233,$18,2,233639,0,S,"Troupiansky, Mr. Moses Aaron",23.0,male,0,0,No
234,$15.5,2,28665,0,S,"Pengelly, Mr. Frederick William",19.0,male,0,0,No
236,$11.75,3,365222,0,Q,"Burke, Mr. Jeremiah",19.0,male,0,0,No
237,$12.925,3,STON/O2. 3101283,0,S,"Honkanen, Miss. Eliina",27.0,female,0,0,Yes
238,$23,3,345764,0,S,"Vander Planke, Mr. Leo Edmondus",16.0,male,2,0,No
239,$12.75,3,9234,0,Q,"Kelly, Miss. Anna Katherine ""Annie Kate""",0.0,female,0,0,Yes
241,$12.25,3,A/5 3902,0,S,"Elsbury, Mr. William James",47.0,male,0,0,No
242,$12.8958,3,349251,0,S,"Sivic, Mr. Husein",40.0,male,0,0,No
244,$61.4958,3,1601,0,S,"Ling, Mr. Lee",28.0,male,0,0,No
245,$12.8958,3,349245,0,S,"Petranec, Miss. Matilda",28.0,female,0,0,No
246,$14.35,3,392091,0,S,"Aks, Mrs. Sam (Leah Rosen)",18.0,female,0,1,Yes
247,$5,3,LINE,0,S,"Leonard, Mr. Lionel",36.0,male,0,0,No
248,$13.4042,3,4579,0,S,"Olsen, Mr. Karl Siegwart Andreas",42.0,male,0,1,No
249,$74.55,3,CA. 2343,0,S,"Sage, Miss. Constance Gladys",0.0,female,8,2,No
251,$32.75,2,C.A. 34651,0,S,"West, Mr. Edwy Arthur",36.0,male,1,2,No
253,$12.775,3,347083,0,S,"Persson, Mr. Ernst Ulrik",25.0,male,1,0,Yes
255,$12.05,3,SOTON/O.Q. 3101306,0,S,"Goncalves, Mr. Manuel Estanslas",38.0,male,0,0,No
256,$31.55,1,113792,0,S,"Smart, Mr. John Montgomery",56.0,male,0,0,No
257,$12.225,3,2631,0,C,"Emir, Mr. Farred Chehab",0.0,male,0,0,No
258,$12.75,3,364850,0,Q,"Mangan, Miss. Mary",30.5,female,0,0,No
260,$19.4583,3,2627,0,C,"Yousseff, Mr. Gerious",0.0,male,0,0,No
261,$24.5,2,250644,0,S,"Mellinger, Miss. Madeleine Violet",13.0,female,0,1,Yes
262,$12.2292,3,2693,0,C,"Hanna, Mr. Mansour",23.5,male,0,0,No
263,$18,2,234686,0,S,"Butler, Mr. Reginald Fenton",25.0,male,0,0,No
265,$18,2,250652,0,S,"Silven, Miss. Lyyli Karoliina",18.0,female,0,2,Yes
268,$18,2,250647,0,S,"Ponesell, Mr. Martin",34.0,male,0,0,No
269,$19.4542,3,2691,0,C,"Barbara, Miss. Saiide",18.0,female,0,1,No
270,$12.8958,3,349218,0,S,"Nankoff, Mr. Minko",0.0,male,0,0,No
271,$21.1,3,A/5. 3336,0,S,"Lobb, Mrs. William Arthur (Cordelia K Stanlick)",26.0,female,1,0,No
272,$32.9,3,347088,0,S,"Skoog, Mrs. William (Anna Bernhardina Karlsson)",45.0,female,1,4,No
273,$19.1083,3,350026,0,S,"Hansen, Mr. Claus Peter",41.0,male,2,0,No
274,$36.3875,3,347077,0,S,"Asplund, Miss. Lillian Gertrud",5.0,female,4,2,Yes
275,$21.1,3,A/5. 3336,0,S,"Lobb, Mr. William Arthur",30.0,male,1,0,No
276,$15.5,2,SW/PP 751,0,S,"Mellors, Mr. William John",19.0,male,0,0,Yes
277,$12.8958,3,349205,0,S,"Stoytcheff, Mr. Ilia",19.0,male,0,0,No
278,$39.375,3,W./C. 6608,0,S,"Ford, Mrs. Edward (Margaret Ann Watson)",48.0,female,1,3,No
279,$13.05,3,A/5. 2151,0,S,"Saundercock, Mr. William Henry",20.0,male,0,0,No
280,$14,3,345767,0,S,"Waelens, Mr. Achille",22.0,male,0,0,No
281,$12.75,3,367228,0,Q,"McCormack, Mr. Thomas Joseph",0.0,male,0,0,Yes
282,$12.65,3,343120,0,S,"Salkjelsvik, Miss. Anna Kristine",21.0,female,0,0,Yes
283,$14.5,3,345770,0,S,"Vande Walle, Mr. Nestor Cyriel",28.0,male,0,0,No
285,$12.75,3,364851,0,Q,"Flynn, Mr. James",0.0,male,0,0,No
286,$16.5,2,29108,0,S,"Bailey, Mr. Percy Andrew",18.0,male,0,0,No
287,$12.925,3,STON/O 2. 3101280,0,S,"Sivola, Mr. Antti Wilhelm",21.0,male,0,0,No
288,$18,2,211536,0,S,"Montvila, Rev. Juozas",27.0,male,0,0,No
290,$15.1708,3,349228,0,S,"Dakic, Mr. Branko",19.0,male,0,0,No
291,$12.25,3,SOTON/OQ 3101317,0,S,"Windelov, Mr. Einar",21.0,male,0,0,No
292,$12.775,3,347060,0,S,"Svensson, Mr. Johan",74.0,male,0,0,No
293,$46.5792,2,SC/Paris 2123,0,C,"Laroche, Mr. Joseph Philippe Lemercier",25.0,male,1,2,No
295,$12.775,3,347074,0,S,"Eklund, Mr. Hans Linus",16.0,male,0,0,No
297,$14.5,3,345780,0,S,"Vande Velde, Mr. Johannes Joseph",33.0,male,0,0,No
298,$12.7958,3,350043,0,S,"Andersson, Mr. August Edvard (""Wennerstrom"")",27.0,male,0,0,Yes
299,$12.7958,3,350042,0,S,"Carlsson, Mr. August Sigfrid",28.0,male,0,0,No
300,$15.5167,3,7552,0,S,"Dahlberg, Miss. Gerda Ulrika",22.0,female,0,0,No
301,$31.55,1,113794,0,S,"Seward, Mr. Frederic Kimber",34.0,male,0,0,Yes
303,$29,2,P/PP 3381,0,C,"Abelson, Mrs. Samuel (Hannah Wizosky)",28.0,female,1,0,Yes
304,$35.0708,2,237736,0,C,"Nasser, Mrs. Nicholas (Adele Achem)",14.0,female,1,0,Yes
305,$12.7333,3,35851,0,Q,"Gilnagh, Miss. Katherine ""Katie""",16.0,female,0,0,Yes
306,$14.5,3,345777,0,S,"van Melkebeke, Mr. Philemon",0.0,male,0,0,No
308,$12.925,3,STON/O2. 3101290,0,S,"Heininen, Miss. Wendla Maria",23.0,female,0,0,No
309,$15.5,2,C.A. 24579,0,S,"Wheadon, Mr. Edward H",66.0,male,0,0,No
311,$19.4542,3,2665,0,C,"Zabour, Miss. Hileni",14.5,female,1,0,No
312,$31,2,228414,0,S,"Weisz, Mrs. Leopold (Mathilde Francoise Pede)",29.0,female,1,0,Yes
313,$19.5,3,358585,0,S,"Garfirth, Mr. John",0.0,male,0,0,No
314,$12.8792,3,330931,0,Q,"McGovern, Miss. Mary",0.0,female,0,0,Yes
316,$20.5,3,370365,0,Q,"O'Brien, Mr. Thomas",0.0,male,1,0,No
317,$29.15,3,A/4 48871,0,S,"Davies, Mr. Alfred J",24.0,male,2,0,No
318,$29.15,3,345773,0,S,"Van Impe, Mr. Jean Baptiste",36.0,male,1,1,No
319,$22.8,3,349237,0,S,"Arnold-Franchi, Mrs. Josef (Josefine Franchi)",18.0,female,1,0,No
320,$20.5,3,370371,0,Q,"Lennon, Mr. Denis",0.0,male,1,0,No
321,$12.7958,3,350052,0,S,"Johansson, Mr. Erik",22.0,male,0,0,No
322,$17.275,2,SCO/W 1585,0,S,"Hunt, Mr. George Henry",33.0,male,0,0,No
324,$13.05,3,SOTON/O.Q. 392087,0,S,"Meanwell, Miss. (Marion Ogden)",0.0,female,0,0,No
325,$12.8958,3,349249,0,S,"Rekic, Mr. Tido",38.0,male,0,0,No
326,$5,2,239853,0,S,"Campbell, Mr. William",0.0,male,0,0,No
327,$31,2,2908,0,S,"Beane, Mrs. Edward (Ethel Clarke)",19.0,female,1,0,Yes
329,$32.7208,1,PC 17601,0,C,"Uruchurtu, Don. Manuel E",40.0,male,0,0,No
331,$18,2,28425,0,S,"Berriman, Mr. William John",23.0,male,0,0,No
332,$12.2292,3,2685,0,C,"Ibrahim Shawah, Mr. Yousseff",30.0,male,0,0,No
333,$15.5,2,S.W./PP 752,0,S,"Harris, Mr. George",62.0,male,0,0,Yes
334,$19.4583,3,2689,0,C,"Caram, Mrs. Joseph (Maria Elias)",0.0,female,1,0,No
335,$12.8958,3,349233,0,S,"Mineff, Mr. Ivan",24.0,male,0,0,No
336,$18,2,250648,0,S,"Sinkkonen, Miss. Anna",30.0,female,0,0,Yes
338,$31.25,2,C.A. 31921,0,S,"Collyer, Mrs. Harvey (Charlotte Annie Tate)",31.0,female,1,1,Yes
339,$12.7333,3,35852,0,Q,"Mullens, Miss. Katherine ""Katie""",0.0,female,0,0,Yes
340,$20.7417,3,2653,0,C,"Nakid, Miss. Maria (""Mary"")",1.0,female,0,2,Yes
342,$12.8542,3,350046,0,S,"Andersen-Jensen, Miss. Carla Christine Nielsine",19.0,female,1,0,Yes
343,$5,2,239853,0,S,"Parkes, Mr. Francis ""Frank""",0.0,male,0,0,No
344,$18,2,31418,0,S,"Smith, Miss. Marion Elsie",40.0,female,0,0,Yes
346,$18,2,250647,0,S,"Greenberg, Mr. Samuel",52.0,male,0,0,No
347,$12.75,3,364848,0,Q,"Bourke, Miss. Mary",0.0,female,0,2,No
348,$11.975,3,347061,0,S,"Ekstrom, Mr. Johan",45.0,male,0,0,No
352,$18.5,2,218629,0,S,"Norman, Mr. Robert Douglas",28.0,male,0,0,No
353,$12.875,3,315082,0,S,"Zimmerman, Mr. Leo",29.0,male,0,0,No
354,$31,2,230433,0,S,"Parrish, Mrs. (Lutie Davis)",50.0,female,0,1,Yes
355,$16.1333,3,347742,0,S,"Johnson, Miss. Eleanor Ileen",1.0,female,1,1,Yes
356,$21.1,3,376564,0,S,"Thorneycroft, Mr. Percival",0.0,male,1,0,No
357,$22.4,3,345572,0,S,"de Messemaeker, Mrs. Guillaume Joseph (Emma)",36.0,female,1,0,Yes
358,$12.4958,3,349210,0,S,"Coleff, Mr. Peju",36.0,male,0,0,No
359,$12.925,3,3101277,0,S,"Gustafsson, Mr. Johan Birger",28.0,male,2,0,No
360,$18,2,243880,0,S,"Garside, Miss. Ethel",34.0,female,0,0,Yes
362,$20.5,3,364849,0,Q,"Bourke, Mr. John",40.0,male,1,1,No
363,$12.3125,3,Fa 265302,0,S,"Olsen, Mr. Ole Martin",0.0,male,0,0,No
364,$14.5,3,345783,0,S,"Vanden Steen, Mr. Leo Peter",28.0,male,0,0,No
365,$13.05,3,7598,0,S,"Dahl, Mr. Karl Edwart",45.0,male,0,0,Yes
367,$17,2,SC 1748,0,C,"Lehmann, Miss. Bertha",17.0,female,0,0,Yes
368,$12.8958,3,349217,0,S,"Laleff, Mr. Kristo",0.0,male,0,0,No
370,$13.05,3,SOTON/OQ 392082,0,S,"Simmons, Mr. John",0.0,male,0,0,No
371,$36.275,3,347082,0,S,"Andersson, Miss. Ellis Anna Maria",2.0,female,4,2,No
372,$54.5042,1,PC 17609,0,C,"Artagaveytia, Mr. Ramon",71.0,male,0,0,No
373,$11.4958,3,3101264,0,S,"Johanson, Mr. Jakob Alfred",34.0,male,0,0,No
375,$29.15,3,345773,0,S,"Van Impe, Mrs. Jean Baptiste (Rosalie Paula Govaert)",30.0,female,1,1,No
376,$19.4542,3,2659,0,C,"Yasbeck, Mr. Antoni",27.0,male,1,0,No
377,$12.8542,3,350029,0,S,"Hansen, Mr. Henry Damsgaard",21.0,male,0,0,No
379,$78.5,2,S.O.C. 14879,0,S,"Davies, Mr. Charles Henry",18.0,male,0,0,No
380,$42.0042,2,S.C./PARIS 2079,0,C,"Mallet, Master. Andre",1.0,male,0,2,Yes
381,$12.775,3,347087,0,S,"Pettersson, Miss. Ellen Natalia",18.0,female,0,0,No
382,$13.05,3,SOTON/OQ 392090,0,S,"Corn, Mr. Harry",30.0,male,0,0,No
384,$22.8,3,349237,0,S,"Arnold-Franchi, Mr. Josef",25.0,male,1,0,No
385,$18,2,250646,0,S,"Givard, Mr. Hans Kristensen",30.0,male,0,0,No
386,$12.8958,3,349207,0,S,"Mionoff, Mr. Stoytcho",28.0,male,0,0,No
387,$17.2875,3,3101298,0,S,"Hirvonen, Miss. Hildur E",2.0,female,0,1,Yes
388,$13.05,3,A/5. 10482,0,S,"Dorking, Mr. Edward Arthur",19.0,male,0,0,Yes
389,$12.75,3,370369,0,Q,"Connors, Mr. Patrick",70.5,male,0,0,No
390,$34.125,3,382652,0,Q,"Rice, Mrs. William (Margaret Norton)",39.0,female,0,5,No
391,$13.85,3,349236,0,S,"Haas, Miss. Aloisia",24.0,female,0,0,No
392,$18,2,236852,0,S,"Bystrom, Mrs. (Karolina)",42.0,female,0,0,Yes
393,$12.25,3,A/4. 34244,0,S,"Wiseman, Mr. Phillippe",0.0,male,0,0,No
394,$78.5,2,S.O.C. 14879,0,S,"Hickman, Mr. Leonard Mark",24.0,male,2,0,No
395,$31.25,2,C.A. 31921,0,S,"Collyer, Mr. Harvey",31.0,male,1,1,No
397,$12.8958,3,349257,0,S,"Markun, Mr. Johann",33.0,male,0,0,No
400,$15.5,2,C.A. 18723,0,S,"Kvillner, Mr. Johan Henrik Johannesson",31.0,male,0,0,No
401,$13.6625,3,315037,0,S,"Smiljanic, Mr. Mile",0.0,male,0,0,No
402,$38,2,248727,0,S,"Leitch, Miss. Jessie Wills",0.0,female,0,0,Yes
403,$13.1125,3,65306,0,S,"Johannesen-Bratthammer, Mr. Bernt",0.0,male,0,0,Yes
406,$18,2,250643,0,S,"Hodges, Mr. Henry Price",50.0,male,0,0,No
407,$36.275,3,347082,0,S,"Andersson, Miss. Ebba Iris Alfrida",6.0,female,4,2,No
408,$13.7125,3,3411,0,C,"Paulner, Mr. Uscher",0.0,male,0,0,No
409,$5,3,LINE,0,S,"Johnson, Mr. Alfred",49.0,male,0,0,No
410,$31,2,26707,0,S,"Hold, Mr. Stephen",44.0,male,1,0,No
411,$12.225,3,2628,0,C,"Youseff, Mr. Gerious",45.5,male,0,0,No
413,$31,2,244252,0,S,"Carter, Mrs. Ernest Courtenay (Lilian Hughes)",44.0,female,1,0,No
415,$31,2,239865,0,S,"Fynney, Mr. Joseph J",35.0,male,0,0,No
416,$20.05,2,SC/PARIS 2131,0,C,"Pernot, Mr. Rene",0.0,male,0,0,No
417,$34.125,3,382652,0,Q,"Rice, Master. Arthur",4.0,male,4,1,No
418,$31,2,28403,0,S,"Downton, Mr. William James",54.0,male,0,0,No
419,$30.4667,3,4133,0,S,"Lefebre, Master. Henry Forbes",0.0,male,3,1,No
421,$16.5,2,231945,0,S,"Andrew, Mr. Edgardo Samuel",18.0,male,0,0,No
422,$31.55,1,111427,0,S,"Bradley, Mr. George (""George Arthur Brayton"")",0.0,male,0,0,Yes
423,$15.5,2,C.A. 24580,0,S,"Mitchell, Mr. Henry Michael",70.0,male,0,0,No
424,$12.25,3,C 7076,0,S,"Adahl, Mr. Mauritz Nils Martin",30.0,male,0,0,No
425,$17.35,2,234818,0,Q,"Slayter, Miss. Hilda Mary",30.0,female,0,0,Yes
426,$12.2292,3,2700,0,C,"Kassem, Mr. Fared",0.0,male,0,0,No
427,$44.6,1,112379,0,C,"Brewe, Dr. Arthur Jackson",0.0,male,0,0,No
428,$36.3875,3,347077,0,S,"Asplund, Mrs. Carl Oscar (Selma Augusta Emilia Johansson)",38.0,female,1,5,Yes
429,$13.05,3,343275,0,S,"Celotti, Mr. Francesco",24.0,male,0,0,No
430,$18,2,230434,0,S,"Reynaldo, Ms. Encarnacion",28.0,female,0,0,Yes
432,$17.35,2,219533,0,Q,"Kirkland, Rev. Charles Leonard",57.0,male,0,0,No
433,$18,2,12233,0,S,"Gillespie, Mr. William Henry",34.0,male,0,0,No
434,$19.4,3,347080,0,S,"Danbom, Mrs. Ernst Gilbert (Anna Sigrid Maria Brogren)",28.0,female,1,1,No
435,$12.55,3,W./C. 6609,0,S,"Harknett, Miss. Alice Phoebe",0.0,female,0,0,No
437,$36.275,3,347082,0,S,"Andersson, Mr. Anders Johan",39.0,male,1,5,No
438,$34.125,3,382652,0,Q,"Rice, Master. George Hugh",8.0,male,4,1,No
439,$20.7417,3,2653,0,C,"Nakid, Mr. Sahid",20.0,male,1,1,Yes
440,$13.0292,3,330923,0,Q,"McGowan, Miss. Anna ""Annie""",15.0,female,0,0,Yes
442,$12.55,3,C.A. 5547,0,S,"Abbing, Mr. Anthony",42.0,male,0,0,No
443,$12.775,3,347085,0,S,"Ohman, Miss. Velin",22.0,female,0,0,Yes
444,$25.525,3,363291,0,S,"Goldsmith, Mrs. Frank John (Emily Alice Brown)",31.0,female,1,1,Yes
447,$12.25,3,C 7077,0,S,"Landergren, Miss. Aurora Adelia",22.0,female,0,0,Yes
448,$12.1417,3,C 17369,0,S,"Madsen, Mr. Fridtjof Arne",24.0,male,0,0,Yes
449,$18,2,237798,0,S,"Hosono, Mr. Masabumi",42.0,male,0,0,Yes
450,$38,2,248727,0,S,"Harper, Rev. John",28.0,male,0,1,No
451,$12.8542,3,347464,0,S,"Olsson, Mr. Nils Johan Goransson",28.0,male,0,0,No
452,$87.1708,1,PC 17604,0,C,"Meyer, Mrs. Edgar Joseph (Leila Saks)",0.0,female,1,0,Yes
453,$44.6875,3,3101295,0,S,"Panula, Master. Eino Viljami",1.0,male,4,1,No
455,$12.75,3,347073,0,S,"Lindblom, Miss. Augusta Charlotta",45.0,female,0,0,No
456,$12.75,3,382649,0,Q,"Henry, Miss. Delia",0.0,female,0,0,No
457,$12.75,3,367232,0,Q,"Farrell, Mr. James",40.5,male,0,0,No
458,$51.9,3,CA 2144,0,S,"Goodwin, Mrs. Frederick (Augusta Tyler)",43.0,female,1,6,No
459,$31,2,230433,0,S,"Shelley, Mrs. William (Imanita Parrish Hall)",25.0,female,0,1,Yes
460,$12.125,3,SOTON/O2 3101272,0,S,"Nirva, Mr. Iisakki Antino Aijo",41.0,male,0,0,No
461,$25.525,3,363291,0,S,"Goldsmith, Master. Frank John William ""Frankie""",9.0,male,0,2,Yes
462,$11.975,3,347089,0,S,"Hedman, Mr. Oskar Arvid",27.0,male,0,0,Yes
463,$14.225,3,7267,0,S,"Odahl, Mr. Nils Martin",23.0,male,0,0,No
464,$27.525,3,C 4001,0,S,"Olsen, Mr. Henry Margido",28.0,male,0,0,No
466,$29.15,3,371110,0,Q,"Moran, Miss. Bertha",0.0,female,1,0,Yes
467,$12.125,3,STON/O 2. 3101273,0,S,"Rintamaki, Mr. Matti",35.0,male,0,0,No
468,$12.75,3,336439,0,Q,"Duane, Mr. Frank",65.0,male,0,0,No
469,$36,1,113798,0,S,"Cairns, Mr. Alexander",0.0,male,0,0,No
470,$28,2,231919,0,S,"Doling, Miss. Elsie",18.0,female,0,1,Yes
473,$12.225,3,2620,0,C,"Leeni, Mr. Fahim (""Philip Zenni"")",22.0,male,0,0,Yes
474,$11.4958,3,3101267,0,S,"Wiklund, Mr. Jakob Alfred",18.0,male,1,0,No
475,$32.75,2,C.A. 34651,0,S,"West, Mrs. Edwy Arthur (Ada Mary Worth)",33.0,female,1,2,Yes
476,$12.2292,3,2641,0,C,"Toufik, Mr. Nakli",0.0,male,0,0,No
477,$20.1,3,C.A. 6212,0,S,"Shellard, Mr. Frederick William",0.0,male,0,0,No
478,$20.5,3,370365,0,Q,"O'Brien, Mrs. Thomas (Johanna ""Hannah"" Godfrey)",0.0,female,1,0,Yes
479,$140.6333,1,PC 17760,0,C,"Ringhini, Mr. Sante",22.0,male,0,0,No
480,$83.85,1,19877,0,S,"Barber, Miss. Ellen ""Nellie""",26.0,female,0,0,Yes
481,$29.15,3,345773,0,S,"Van Impe, Miss. Catharina",10.0,female,0,2,No
482,$19.4583,3,2627,0,C,"Attalah, Miss. Malake",17.0,female,0,0,No
484,$12.775,3,347067,0,S,"Larsson, Mr. Bengt Edvin",29.0,male,0,0,No
485,$31,2,26360,0,S,"Quick, Miss. Phyllis May",2.0,female,1,1,Yes
486,$44.6875,3,3101295,0,S,"Panula, Mr. Jaako Arnold",14.0,male,4,1,No
487,$13.5167,3,2625,0,C,"Thomas, Master. Assad Alexander",0.42,male,0,1,Yes
488,$11.8583,3,394140,0,Q,"Hart, Mr. Henry",0.0,male,0,0,No
489,$27.025,3,315153,0,S,"Kink-Heilmann, Miss. Luise Gretchen",4.0,female,0,2,Yes
490,$12.0458,3,3460,0,S,"Braund, Mr. Lewis Richard",29.0,male,1,0,No
492,$12.8958,3,349241,0,C,"Drazenoic, Mr. Jozef",33.0,male,0,0,No
493,$20.5,3,367230,0,Q,"Murphy, Miss. Katherine ""Kate""",0.0,female,1,0,Yes
494,$74.55,3,CA. 2343,0,S,"Sage, Miss. Stella Anna",0.0,female,8,2,No
495,$13.05,3,343276,0,S,"Christmann, Mr. Emil",29.0,male,0,0,No
496,$78.5,2,S.O.C. 14879,0,S,"Hickman, Mr. Stanley George",21.0,male,2,0,No
497,$20.2458,3,2678,0,C,"Boulos, Mrs. Joseph (Sultana)",0.0,female,0,2,No
498,$12.8958,3,349204,0,S,"Jonkoff, Mr. Lalio",23.0,male,0,0,No
500,$26,2,11668,0,S,"Turpin, Mrs. William John Robert (Dorothy Ann Wonnacott)",27.0,female,1,0,No
501,$18,2,236171,0,S,"Fahlstrom, Mr. Arne Jonas",18.0,male,0,0,No
502,$26,2,F.C.C. 13528,0,S,"Cameron, Miss. Clear Annie",35.0,female,0,0,Yes
503,$18.4167,3,349256,0,C,"Karun, Miss. Manca",4.0,female,0,1,Yes
504,$34.125,3,382652,0,Q,"Rice, Master. Eric",7.0,male,4,1,No
506,$12.8542,3,350406,0,S,"Vestrom, Miss. Hulda Amanda Adolfina",14.0,female,0,0,No
507,$25.575,3,C.A. 2315,0,S,"Dean, Master. Bertram Vere",1.0,male,1,2,Yes
508,$23.75,2,29106,0,S,"Richards, Master. William Rowe",3.0,male,1,1,Yes
509,$12.2292,3,2626,0,C,"Moussa, Mrs. (Mantoura Boulos)",0.0,female,0,0,Yes
510,$111.425,1,PC 17761,0,C,"LeRoy, Miss. Bertha",30.0,female,0,0,Yes
512,$13.6625,3,315090,0,S,"Culumovic, Mr. Jeso",17.0,male,0,0,No
514,$12.8958,3,349231,0,S,"Cor, Mr. Liudevit",19.0,male,0,0,No
515,$26.075,3,349909,0,S,"Palsson, Miss. Stina Viola",3.0,female,3,1,No
516,$5,2,239853,0,S,"Cunningham, Mr. Alfred Fleming",0.0,male,0,0,No
517,$57,1,113789,0,S,"Holverson, Mr. Alexander Oskar",42.0,male,1,0,No
520,$20.2458,3,2650,0,C,"Touma, Mrs. Darwis (Hanne Youssef Razi)",29.0,female,0,2,Yes
523,$24.9667,3,65303,0,S,"Hagland, Mr. Ingvald Olai Olsen",0.0,male,1,0,No
524,$12.75,3,14313,0,Q,"Jermyn, Miss. Annie",0.0,female,0,0,Yes
526,$12.925,3,3101276,0,S,"Gustafsson, Mr. Anders Vilhelm",37.0,male,2,0,No
527,$12.05,3,SOTON/O.Q. 3101311,0,S,"Ali, Mr. Ahmed",24.0,male,0,0,No
528,$12.5208,3,350060,0,S,"Karlsson, Mr. Nils August",22.0,male,0,0,No
530,$15.5,2,C.A./SOTON 34068,0,S,"Banfield, Mr. Frederick James",28.0,male,0,0,No
531,$13.05,3,21440,0,S,"Green, Mr. George Henry",51.0,male,0,0,No
532,$12.925,3,STON/O 2. 3101293,0,S,"Tikkanen, Mr. Juho",32.0,male,0,0,No
533,$28.25,3,367226,0,Q,"McCoy, Mr. Bernard",0.0,male,2,0,Yes
537,$12.75,3,370377,0,Q,"Horgan, Mr. John",0.0,male,0,0,No
538,$19.5,3,A/5. 851,0,S,"van Billiard, Mr. Austin Blyler",40.5,male,0,2,No
540,$34,2,248738,0,S,"Caldwell, Master. Alden Gates",0.83,male,0,2,Yes
542,$17.475,3,364516,0,S,"Emanuel, Miss. Virginia Ethel",5.0,female,0,0,Yes
543,$12.25,3,A/5 21173,0,S,"Lovell, Mr. John Hall (""Henry"")",20.5,male,0,0,No
544,$26.075,3,349909,0,S,"Palsson, Miss. Torborg Danira",8.0,female,3,1,No
545,$23.75,2,29106,0,S,"Richards, Master. George Sibley",0.83,male,1,1,Yes
546,$47.4,1,113796,0,S,"Harrington, Mr. Charles H",0.0,male,0,0,No
548,$13.05,3,A./5. 3235,0,S,"Murdlin, Mr. Joseph",0.0,male,0,0,No
549,$29.15,3,371110,0,Q,"Ryan, Mr. Patrick",0.0,male,0,0,No
551,$12.8542,3,350047,0,S,"Jensen, Mr. Niels Peder",48.0,male,0,0,No
553,$12.7958,3,350034,0,S,"Jansson, Mr. Carl Olof",21.0,male,0,0,Yes
555,$64.4,1,PC 17603,0,C,"Rothschild, Mrs. Martin (Elizabeth L. Barrett)",54.0,female,1,0,Yes
556,$61.4958,3,1601,0,S,"Lang, Mr. Fang",26.0,male,0,0,Yes
557,$12.775,3,347062,0,S,"Johnson, Mr. Malkolm Joackim",33.0,male,0,0,No
558,$31,2,244367,0,S,"Kantor, Mr. Sinai",34.0,male,1,0,No
559,$16.2417,3,2651,0,C,"Nicola-Yarred, Miss. Jamila",14.0,female,1,0,Yes
560,$32.9,3,347088,0,S,"Skoog, Mr. Wilhelm",40.0,male,1,4,No
561,$19.5,3,364498,0,S,"Risien, Mr. Samuel Beard",0.0,male,0,0,No
562,$5,2,239855,0,S,"Knight, Mr. Robert J",0.0,male,0,0,No
563,$12.75,3,372622,0,Q,"Morrow, Mr. Thomas Rowan",0.0,male,0,0,No
564,$18,2,28213,0,S,"Otter, Mr. Richard",39.0,male,0,0,No
565,$51.9,3,CA 2144,0,S,"Goodwin, Master. Sidney Leonard",1.0,male,5,2,No
566,$18,2,28228,0,S,"Matthews, Mr. William John",30.0,male,0,0,No
567,$12.8958,3,349206,0,S,"Naidenoff, Mr. Penko",22.0,male,0,0,No
568,$13.6625,3,315096,0,S,"Oreskovic, Miss. Marija",20.0,female,0,0,No
569,$12.8542,3,347466,0,S,"Andreasson, Mr. Paul Edvin",20.0,male,0,0,No
571,$15.5,2,S.O./P.P. 3,0,S,"Mudd, Mr. Thomas Charles",16.0,male,0,0,No
572,$44.6875,3,3101295,0,S,"Panula, Mr. Ernesti Arvid",16.0,male,4,1,No
573,$12.925,3,STON/O2. 3101282,0,S,"Heikkinen, Miss. Laina",26.0,female,0,0,Yes
574,$12.8958,3,349225,0,S,"Denkoff, Mr. Mitto",0.0,male,0,0,No
575,$13.05,3,323951,0,S,"Beavan, Mr. William Thomas",19.0,male,0,0,No
576,$12.2292,3,2671,0,C,"Saad, Mr. Amin",0.0,male,0,0,No
577,$12.8958,3,349224,0,S,"Bostandyeff, Mr. Guentcho",26.0,male,0,0,No
578,$21.1,3,376564,0,S,"Thorneycroft, Mrs. Percival (Florence Kate White)",0.0,female,1,0,Yes
580,$14.5,3,345781,0,S,"Lievens, Mr. Rene Aime",24.0,male,0,0,No
581,$18,2,248723,0,S,"Meyer, Mr. August",39.0,male,0,0,No
582,$12.8958,3,349222,0,S,"Sdycoff, Mr. Todor",0.0,male,0,0,No
583,$18,2,28424,0,S,"Carbines, Mr. William",19.0,male,0,0,No
585,$12.725,3,36209,0,Q,"Scanlan, Mr. James",0.0,male,0,0,No
586,$12.925,3,3101281,0,S,"Andersson, Miss. Erna Alexandra",17.0,female,4,2,Yes
587,$18,2,248740,0,S,"Collander, Mr. Erik Gustaf",28.0,male,0,0,No
588,$13.3625,3,8471,0,S,"Gronnestad, Mr. Daniel Danielsen",32.0,male,0,0,No
589,$13.4333,3,8475,0,S,"Kalvik, Mr. Johannes Halvorsen",21.0,male,0,0,No
592,$31.25,2,F.C.C. 13529,0,S,"Hart, Mr. Benjamin",43.0,male,1,1,No
593,$12.8875,3,3474,0,S,"Alexander, Mr. William",26.0,male,0,0,No
594,$20.5,3,367230,0,Q,"Murphy, Miss. Margaret Jane",0.0,female,1,0,Yes
596,$19.4542,3,2680,0,C,"Chronopoulos, Mr. Apostolos",26.0,male,1,0,No
597,$26.075,3,349909,0,S,"Palsson, Master. Gosta Leonard",2.0,male,3,1,No
598,$61.4958,3,1601,0,S,"Bing, Mr. Lee",32.0,male,0,0,Yes
599,$13.6625,3,315151,0,S,"Kink, Mr. Vincenz",26.0,male,2,0,No
600,$13.4583,3,330877,0,Q,"Moran, Mr. James",0.0,male,0,0,No
602,$5,2,239856,0,S,"Watson, Mr. Ennis Hastings",0.0,male,0,0,No
603,$32.9,3,347088,0,S,"Skoog, Master. Karl Thorsten",10.0,male,3,2,No
604,$20.9,3,C.A. 37671,0,S,"Coutts, Master. William Loch ""William""",3.0,male,1,1,Yes
605,$12.775,3,312991,0,S,"Moss, Mr. Albert Johan",0.0,male,0,0,Yes
606,$13.6625,3,315097,0,S,"Pasic, Mr. Jakob",21.0,male,0,0,No
607,$13.05,3,363592,0,S,"Kelly, Mr. James",44.0,male,0,0,No
608,$39.375,3,W./C. 6608,0,S,"Ford, Miss. Robina Maggie ""Ruby""",9.0,female,2,2,No
609,$38,2,248727,0,S,"Harper, Miss. Annie Jessie ""Nina""",6.0,female,0,1,Yes
610,$13.05,3,SOTON/OQ 392086,0,S,"Slocovski, Mr. Selman Francis",0.0,male,0,0,No
611,$12.8542,3,350407,0,S,"Olsson, Miss. Elina",31.0,female,0,0,No
612,$13.05,3,324669,0,S,"Barton, Mr. David John",22.0,male,0,0,No
614,$61.4958,3,1601,0,S,"Lam, Mr. Ali",0.0,male,0,0,Yes
615,$31,2,244252,0,S,"Carter, Rev. Ernest Courtenay",54.0,male,1,0,No
616,$14.825,3,4137,0,S,"Jussila, Miss. Mari Aina",21.0,female,1,0,No
617,$18,2,229236,0,S,"Fox, Mr. Stanley Hubert",36.0,male,0,0,No
619,$12.75,3,14312,0,Q,"Kelly, Miss. Mary",0.0,female,0,0,Yes
621,$138.65,1,PC 17611,0,S,"Frauenthal, Dr. Henry William",50.0,male,2,0,Yes
623,$12.75,3,347064,0,S,"Widegren, Mr. Carl/Charles Peter",51.0,male,0,0,No
624,$21,2,248706,0,S,"Hewlett, Mrs. (Mary D Kingcome) ",55.0,female,0,0,Yes
625,$32.7208,1,PC 17605,0,C,"Stewart, Mr. Albert A",0.0,male,0,0,No
626,$18,2,237671,0,S,"Funk, Miss. Annie Clemmer",38.0,female,0,0,No
627,$31,2,26360,0,S,"Quick, Mrs. Frederick Charles (Jane Richards)",33.0,female,0,2,Yes
628,$21.1,3,371362,0,S,"Cribb, Mr. John Hatfield",44.0,male,0,1,No
630,$12.225,3,2649,0,C,"Masselmani, Mrs. Fatima",0.0,female,0,0,Yes
631,$16.5,2,28134,0,S,"Giles, Mr. Frederick Edward",21.0,male,1,0,No
634,$24.2583,3,2666,0,C,"Baclini, Mrs. Solomon (Latifa Qurban)",24.0,female,0,3,Yes
635,$16.5,2,29104,0,S,"Hocking, Mr. Richard George",23.0,male,2,1,No
636,$52.1,1,113059,0,S,"Carrau, Mr. Francisco M",28.0,male,0,0,No
638,$31.55,1,113800,0,S,"Weir, Col. John",60.0,male,0,0,No
639,$15.5,2,C.A. 31026,0,S,"Rugg, Miss. Emily",21.0,female,0,0,Yes
640,$39.375,3,W./C. 6608,0,S,"Ford, Mr. William Neal",16.0,male,1,3,No
641,$27.3583,3,2668,0,C,"Peter, Mrs. Catherine (Catherine Rizk)",0.0,female,0,2,Yes
642,$12.8958,3,349215,0,S,"Petroff, Mr. Pastcho (""Pentcho"")",0.0,male,0,0,No
643,$12.225,3,2667,0,C,"Najib, Miss. Adele Kiamie ""Jane""",15.0,female,0,0,Yes
644,$13.05,3,A/5 3594,0,S,"Rouse, Mr. Richard Henry",50.0,male,0,0,No
645,$19.5,3,A/5. 3337,0,S,"Robins, Mrs. Alexander A (Grace Charity Laury)",47.0,female,1,0,No
646,$20.85,3,STON/O2. 3101279,0,S,"Hakkarainen, Mr. Pekka Pietari",28.0,male,1,0,No
647,$12.55,3,S.O./P.P. 751,0,S,"Willey, Mr. Edward",0.0,male,0,0,No
649,$32.9,3,347088,0,S,"Skoog, Miss. Mabel",9.0,female,3,2,No
650,$28.25,3,367226,0,Q,"McCoy, Miss. Agnes",0.0,female,2,0,Yes
651,$16.1333,3,347742,0,S,"Johnson, Master. Harold Theodor",4.0,male,1,1,Yes
653,$12.05,3,SOTON/OQ 392076,0,S,"Sutehall, Mr. Henry Jr",25.0,male,0,0,No
654,$12.25,3,A/5 21171,0,S,"Braund, Mr. Owen Harris",22.0,male,1,0,No
657,$15.5,2,31028,0,S,"Gavey, Mr. Lawrence",26.0,male,0,0,No
659,$12.225,3,2672,0,C,"Saad, Mr. Khalil",25.0,male,0,0,No
660,$12.2292,3,2663,0,C,"Barah, Mr. Hanna Assi",20.0,male,0,0,Yes
661,$12.7875,3,330932,0,Q,"McDermott, Miss. Brigdet Delia",0.0,female,0,0,Yes
662,$12.2292,3,2686,0,C,"Doharr, Mr. Tannous",0.0,male,0,0,No
663,$12.75,3,370370,0,Q,"Madigan, Miss. Margaret ""Maggie""",0.0,female,0,0,Yes
664,$29,2,P/PP 3381,0,C,"Abelson, Mr. Samuel",30.0,male,1,0,No
665,$12.225,3,2664,0,C,"Boulos, Mr. Hanna",0.0,male,0,0,No
666,$12.2292,3,2695,0,C,"Elias, Mr. Tannous",15.0,male,1,1,No
667,$20.75,2,C.A. 33595,0,S,"Watt, Mrs. James (Elizabeth ""Bessie"" Inglis Milne)",40.0,female,0,0,Yes
668,$74.55,3,CA. 2343,0,S,"Sage, Miss. Dorothy Edith ""Dolly""",0.0,female,8,2,No
669,$5,3,LINE,0,S,"Tornquist, Mr. William Henry",25.0,male,0,0,Yes
670,$12.25,3,364500,0,S,"Coxon, Mr. Daniel",59.0,male,0,0,No
671,$51.9,3,CA 2144,0,S,"Goodwin, Miss. Lillian Amy",16.0,female,5,2,No
672,$15.5,2,W./C. 14263,0,S,"Coleridge, Mr. Reginald Charles",29.0,male,0,0,No
673,$31,2,244358,0,S,"Sharp, Mr. Percival James R",27.0,male,0,0,No
674,$41.75,2,C.A. 33112,0,S,"Nicholls, Mr. Joseph Charles",19.0,male,1,1,No
675,$12.8958,3,349242,0,S,"Pavlovic, Mr. Stefo",32.0,male,0,0,No
676,$12.8542,3,350417,0,S,"Jonsson, Mr. Carl",32.0,male,0,0,Yes
677,$26,2,31027,0,S,"Renouf, Mrs. Peter Henry (Lillian Jefferys)",30.0,female,3,0,Yes
678,$12.55,3,CA. 2314,0,S,"Stanley, Miss. Amy Zillah Elsie",23.0,female,0,0,Yes
679,$12.775,3,347063,0,S,"Johansson, Mr. Karl Johan",31.0,male,0,0,No
681,$12.7958,3,350036,0,S,"Fischer, Mr. Eberhard Thelander",18.0,male,0,0,No
683,$13.05,3,A/5 2466,0,S,"Williams, Mr. Howard Hugh ""Harry""",0.0,male,0,0,No
684,$12.8958,3,349240,0,C,"Jalsevac, Mr. Ivan",29.0,male,0,0,Yes
685,$18,2,244373,0,S,"Williams, Mr. Charles Eugene",0.0,male,0,0,Yes
687,$31,2,2003,0,S,"Clarke, Mrs. Charles V (Ada Maria Winfield)",28.0,female,1,0,Yes
688,$13.05,3,364511,0,S,"Torber, Mr. Ernst William",44.0,male,0,0,No
689,$26.075,3,349909,0,S,"Palsson, Mrs. Nils (Alma Cornelia Berglund)",29.0,female,0,4,No
690,$12.75,3,12460,0,Q,"Keane, Mr. Andrew ""Andy""",0.0,male,0,0,No
692,$12.925,3,STON/O 2. 3101286,0,S,"Jussila, Mr. Eiriik",32.0,male,0,0,Yes
694,$31.25,2,C.A. 31921,0,S,"Collyer, Miss. Marjorie ""Lottie""",8.0,female,0,2,Yes
696,$18,2,248747,0,S,"Yrois, Miss. Henriette (""Mrs Harbeck"")",24.0,female,0,0,No
697,$14.5,3,345769,0,S,"Hampe, Mr. Leon",20.0,male,0,0,No
699,$15.5,2,C.A. 29566,0,S,"Leyson, Mr. Robert William Norman",24.0,male,0,0,No
700,$12.925,3,STON/O 2. 3101289,0,S,"Niskanen, Mr. Juha",39.0,male,0,0,Yes
701,$21.1,3,54636,0,S,"Williams, Mr. Leslie",28.5,male,0,0,No
702,$12.7292,3,367655,0,Q,"Sadlier, Mr. Matthew",0.0,male,0,0,No
703,$12.8292,3,330979,0,Q,"O'Brien, Mr. Timothy",0.0,male,0,0,No
705,$12.775,3,347068,0,S,"Bengtsson, Mr. John Viktor",26.0,male,0,0,No
706,$12.8958,3,349212,0,S,"Petroff, Mr. Nedelio",19.0,male,0,0,No
708,$30.925,1,PC 17318,0,S,"Baumann, Mr. John D",0.0,male,0,0,No
710,$12.0542,3,350048,0,S,"Jensen, Mr. Svend Lauritz",17.0,male,1,0,No
711,$13.6625,3,315089,0,S,"Cacic, Mr. Luka",38.0,male,0,0,No
712,$12.8958,3,349219,0,S,"Danoff, Mr. Yoto",27.0,male,0,0,No
713,$12.75,3,384461,0,Q,"Smith, Mr. Thomas",0.0,male,0,0,No
714,$5,2,239854,0,S,"Frost, Mr. Anthony Wood ""Archie""",0.0,male,0,0,No
715,$15.5,2,W./C. 14258,0,S,"Ridsdale, Miss. Lucy",50.0,female,0,0,Yes
716,$14.4833,3,7545,0,S,"Larsson, Mr. August Viktor",29.0,male,0,0,No
717,$18,2,29751,0,S,"Eitemiller, Mr. George Floyd",23.0,male,0,0,No
719,$61.4958,3,1601,0,S,"Foo, Mr. Choong",0.0,male,0,0,Yes
721,$156.55,1,113781,0,S,"Cleaver, Miss. Alice",22.0,female,0,0,Yes
722,$12.8958,3,349234,0,S,"Nenkoff, Mr. Christo",0.0,male,0,0,No
723,$21.1,3,54636,0,S,"Bowen, Mr. David John ""Dai""",21.0,male,0,0,No
724,$13.05,3,363294,0,S,"Theobald, Mr. Thomas Leonard",34.0,male,0,0,No
725,$51.9,3,CA 2144,0,S,"Goodwin, Master. Harold Victor",9.0,male,5,2,No
726,$13.05,3,SOTON/OQ 392089,0,S,"Sunderland, Mr. Victor Francis",16.0,male,0,0,Yes
727,$51.9,3,CA 2144,0,S,"Goodwin, Master. William Frederick",11.0,male,5,2,No
728,$14.8417,3,4138,0,S,"Turja, Miss. Anna Sofia",18.0,female,0,0,Yes
729,$12.8542,3,347468,0,S,"Augustsson, Mr. Albert",23.0,male,0,0,No
730,$18.5,2,237442,0,S,"Sjostedt, Mr. Ernst Adolf",59.0,male,0,0,No
731,$74.55,3,CA. 2343,0,S,"Sage, Master. Thomas Henry",0.0,male,8,2,No
732,$14.8458,3,7534,0,S,"Gustafsson, Mr. Alfred Ossian",20.0,male,0,0,No
734,$31,2,250655,0,S,"Phillips, Miss. Kate Florence (""Mrs Kate Louise Phillips Marshall"")",19.0,female,0,0,Yes
735,$36.275,3,347082,0,S,"Andersson, Master. Sigvard Harald Elias",4.0,male,4,2,No
737,$12.8542,3,350050,0,S,"Jensen, Mr. Hans Peder",20.0,male,0,0,No
738,$31,2,226875,0,S,"Angle, Mrs. William A (Florence ""Mary"" Agnes Hughes)",36.0,female,1,0,Yes
739,$13.05,3,A.5. 11206,0,S,"Meo, Mr. Alfonzo",55.5,male,0,0,No
741,$18.8625,2,SC/PARIS 2146,0,C,"Padro y Manent, Mr. Julian",0.0,male,0,0,Yes
742,$31.55,1,111426,0,C,"Homer, Mr. Harry (""Mr E Haven"")",35.0,male,0,0,Yes
743,$15.5,2,SO/C 14885,0,S,"Ilett, Miss. Bertha",17.0,female,0,0,Yes
745,$18,2,237668,0,S,"Davis, Miss. Mary",28.0,female,0,0,Yes
746,$12.125,3,STON/O 2. 3101274,0,S,"Kallio, Mr. Nikolai Erland",17.0,male,0,0,No
747,$12.7333,3,334912,0,Q,"O'Connell, Mr. Patrick D",0.0,male,0,0,No
748,$12.75,3,347081,0,S,"Nysten, Miss. Anna Sofia",22.0,female,0,0,Yes
749,$13.6625,3,315086,0,S,"Calic, Mr. Petar",17.0,male,0,0,No
750,$74.55,3,CA. 2343,0,S,"Sage, Mr. Douglas Bullen",0.0,male,8,2,No
751,$12.8958,3,349223,0,S,"Radeff, Mr. Alexander",0.0,male,0,0,No
752,$18,2,250653,0,S,"Hale, Mr. Reginald",30.0,male,0,0,No
753,$13.1583,3,S.P. 3464,0,S,"Crease, Mr. Ernest James",19.0,male,0,0,No
754,$44.6875,3,3101295,0,S,"Panula, Master. Urho Abraham",2.0,male,4,1,No
755,$46.5792,2,SC/Paris 2123,0,C,"Laroche, Miss. Simonne Marie Anne Andree",3.0,female,1,2,Yes
756,$12.925,3,STON/O2. 3101271,0,S,"Ilmakangas, Miss. Pieta Sofia",25.0,female,1,0,No
761,$12.75,3,364846,0,Q,"Canavan, Miss. Mary",21.0,female,0,0,No
762,$18,2,244270,0,S,"Wilhelms, Mr. Charles",31.0,male,0,0,Yes
763,$34.125,3,382652,0,Q,"Rice, Master. Eugene",2.0,male,4,1,No
766,$18,2,234604,0,S,"Pinsky, Mrs. (Rosa)",32.0,female,0,0,Yes
767,$11.4375,3,2683,0,C,"Lemberopolous, Mr. Peter L",34.5,male,0,0,No
768,$26,2,28664,0,S,"Gale, Mr. Shadrach",34.0,male,1,0,No
769,$18,2,C.A. 29178,0,S,"Sobey, Mr. Samuel James Hayden",25.0,male,0,0,No
771,$14.225,3,6563,0,S,"Olsvigen, Mr. Thor Anderson",20.0,male,0,0,No
772,$31.55,1,113807,0,S,"Wright, Mr. George",62.0,male,0,0,No
773,$12.225,3,2624,0,C,"Lahoud, Mr. Sarkis",0.0,male,0,0,No
774,$78.5,2,S.O.C. 14879,0,S,"Hood, Mr. Ambrose Jr",21.0,male,0,0,No
775,$13.1375,3,330935,0,Q,"Peters, Miss. Katie",0.0,female,0,0,No
776,$18,2,27849,0,S,"Buss, Miss. Kate",36.0,female,0,0,Yes
777,$13.05,3,392092,0,S,"Sirota, Mr. Maurice",0.0,male,0,0,No
778,$232.525,1,PC 17757,0,C,"Bidois, Miss. Rosalie",42.0,female,0,0,Yes
780,$28,2,231919,0,S,"Doling, Mrs. John T (Ada Julia Bone)",34.0,female,0,1,Yes
781,$29.15,3,A/4 48871,0,S,"Lester, Mr. James",39.0,male,0,0,No
782,$74.55,3,CA. 2343,0,S,"Sage, Mr. George John Jr",0.0,male,8,2,No
784,$12.25,3,362316,0,S,"Reed, Mr. James George",0.0,male,0,0,No
785,$12.2292,3,2697,0,C,"Novel, Mr. Mansouer",28.5,male,0,0,No
786,$12.8958,3,349248,0,S,"Balkic, Mr. Cerin",26.0,male,0,0,No
787,$9.0125,3,2648,0,C,"Betros, Mr. Tannous",20.0,male,0,0,No
788,$12.75,3,370375,0,Q,"Healy, Miss. Hanora ""Nora""",0.0,female,0,0,Yes
789,$12.8958,3,349216,0,S,"Todoroff, Mr. Lalio",0.0,male,0,0,No
790,$29.15,3,371110,0,Q,"Moran, Mr. Daniel J",0.0,male,1,0,No
792,$31,2,250651,0,S,"Lahtinen, Mrs. William (Anna Sylfven)",26.0,female,1,1,No
795,$36.3875,3,347077,0,S,"Asplund, Master. Clarence Gustaf Hugo",9.0,male,4,2,No
797,$12.75,3,382651,0,Q,"Daly, Mr. Eugene Patrick",29.0,male,0,0,Yes
798,$44,2,29750,0,S,"Brown, Mrs. Thomas William Solomon (Elizabeth Catherine Ford)",40.0,female,1,1,Yes
